{"cardgameID":"Scoundrel","allCardsData":[{"cardDataID":"Clubs2","tags":"Clubs,2,Number,Black","fields":[{"fieldName":"Front","dataType":2,"numValue":0,"stringValue":"","imageSourceName":"clubs-2.png","hideOption":0},{"fieldName":"Value","dataType":1,"numValue":2,"stringValue":"","imageSourceName":"","hideOption":0}],"cardModifiers":[]},{"cardDataID":"Clubs3","tags":"Clubs,3,Number,Black","fields":[{"fieldName":"Front","dataType":2,"numValue":0,"stringValue":"","imageSourceName":"clubs-3.png","hideOption":0},{"fieldName":"Value","dataType":1,"numValue":3,"stringValue":"","imageSourceName":"","hideOption":0}],"cardModifiers":[]},{"cardDataID":"Clubs4","tags":"Clubs,4,Number,Black","fields":[{"fieldName":"Front","dataType":2,"numValue":0,"stringValue":"","imageSourceName":"clubs-4.png","hideOption":0},{"fieldName":"Value","dataType":1,"numValue":4,"stringValue":"","imageSourceName":"","hideOption":0}],"cardModifiers":[]},{"cardDataID":"Clubs5","tags":"Clubs,5,Number,Black","fields":[{"fieldName":"Front","dataType":2,"numValue":0,"stringValue":"","imageSourceName":"clubs-5.png","hideOption":0},{"fieldName":"Value","dataType":1,"numValue":5,"stringValue":"","imageSourceName":"","hideOption":0}],"cardModifiers":[]},{"cardDataID":"Clubs6","tags":"Clubs,6,Number,Black","fields":[{"fieldName":"Front","dataType":2,"numValue":0,"stringValue":"","imageSourceName":"clubs-6.png","hideOption":0},{"fieldName":"Value","dataType":1,"numValue":6,"stringValue":"","imageSourceName":"","hideOption":0}],"cardModifiers":[]},{"cardDataID":"Clubs7","tags":"Clubs,7,Number,Black","fields":[{"fieldName":"Front","dataType":2,"numValue":0,"stringValue":"","imageSourceName":"clubs-7.png","hideOption":0},{"fieldName":"Value","dataType":1,"numValue":7,"stringValue":"","imageSourceName":"","hideOption":0}],"cardModifiers":[]},{"cardDataID":"Clubs8","tags":"Clubs,8,Number,Black","fields":[{"fieldName":"Front","dataType":2,"numValue":0,"stringValue":"","imageSourceName":"clubs-8.png","hideOption":0},{"fieldName":"Value","dataType":1,"numValue":8,"stringValue":"","imageSourceName":"","hideOption":0}],"cardModifiers":[]},{"cardDataID":"Clubs9","tags":"Clubs,9,Number,Black","fields":[{"fieldName":"Front","dataType":2,"numValue":0,"stringValue":"","imageSourceName":"clubs-9.png","hideOption":0},{"fieldName":"Value","dataType":1,"numValue":9,"stringValue":"","imageSourceName":"","hideOption":0}],"cardModifiers":[]},{"cardDataID":"Clubs10","tags":"Clubs,10,Number,Black","fields":[{"fieldName":"Front","dataType":2,"numValue":0,"stringValue":"","imageSourceName":"clubs-10.png","hideOption":0},{"fieldName":"Value","dataType":1,"numValue":10,"stringValue":"","imageSourceName":"","hideOption":0}],"cardModifiers":[]},{"cardDataID":"ClubsA","tags":"Clubs,A,Black,Ace,Letter","fields":[{"fieldName":"Front","dataType":2,"numValue":0,"stringValue":"","imageSourceName":"clubs-A.png","hideOption":0},{"fieldName":"Value","dataType":1,"numValue":1,"stringValue":"","imageSourceName":"","hideOption":0}],"cardModifiers":[]},{"cardDataID":"ClubsJ","tags":"Clubs,J,Royal,Black,Letter,Face","fields":[{"fieldName":"Front","dataType":2,"numValue":0,"stringValue":"","imageSourceName":"clubs-J.png","hideOption":0},{"fieldName":"Value","dataType":1,"numValue":11,"stringValue":"","imageSourceName":"","hideOption":0}],"cardModifiers":[]},{"cardDataID":"ClubsK","tags":"Clubs,K,Royal,Black,Letter,Face","fields":[{"fieldName":"Front","dataType":2,"numValue":0,"stringValue":"","imageSourceName":"clubs-K.png","hideOption":0},{"fieldName":"Value","dataType":1,"numValue":13,"stringValue":"","imageSourceName":"","hideOption":0}],"cardModifiers":[]},{"cardDataID":"ClubsQ","tags":"Clubs,Q,Royal,Black,Letter,Face","fields":[{"fieldName":"Front","dataType":2,"numValue":0,"stringValue":"","imageSourceName":"clubs-Q.png","hideOption":0},{"fieldName":"Value","dataType":1,"numValue":12,"stringValue":"","imageSourceName":"","hideOption":0}],"cardModifiers":[]},{"cardDataID":"Diamonds2","tags":"Diamonds,2,Number,Red","fields":[{"fieldName":"Front","dataType":2,"numValue":0,"stringValue":"","imageSourceName":"diamonds-2.png","hideOption":0},{"fieldName":"Value","dataType":1,"numValue":2,"stringValue":"","imageSourceName":"","hideOption":0}],"cardModifiers":[]},{"cardDataID":"Diamonds3","tags":"Diamonds,3,Number,Red","fields":[{"fieldName":"Front","dataType":2,"numValue":0,"stringValue":"","imageSourceName":"diamonds-3.png","hideOption":0},{"fieldName":"Value","dataType":1,"numValue":3,"stringValue":"","imageSourceName":"","hideOption":0}],"cardModifiers":[]},{"cardDataID":"Diamonds4","tags":"Diamonds,4,Number,Red","fields":[{"fieldName":"Front","dataType":2,"numValue":0,"stringValue":"","imageSourceName":"diamonds-4.png","hideOption":0},{"fieldName":"Value","dataType":1,"numValue":4,"stringValue":"","imageSourceName":"","hideOption":0}],"cardModifiers":[]},{"cardDataID":"Diamonds5","tags":"Diamonds,5,Number,Red","fields":[{"fieldName":"Front","dataType":2,"numValue":0,"stringValue":"","imageSourceName":"diamonds-5.png","hideOption":0},{"fieldName":"Value","dataType":1,"numValue":5,"stringValue":"","imageSourceName":"","hideOption":0}],"cardModifiers":[]},{"cardDataID":"Diamonds6","tags":"Diamonds,6,Number,Red","fields":[{"fieldName":"Front","dataType":2,"numValue":0,"stringValue":"","imageSourceName":"diamonds-6.png","hideOption":0},{"fieldName":"Value","dataType":1,"numValue":6,"stringValue":"","imageSourceName":"","hideOption":0}],"cardModifiers":[]},{"cardDataID":"Diamonds7","tags":"Diamonds,7,Number,Red","fields":[{"fieldName":"Front","dataType":2,"numValue":0,"stringValue":"","imageSourceName":"diamonds-7.png","hideOption":0},{"fieldName":"Value","dataType":1,"numValue":7,"stringValue":"","imageSourceName":"","hideOption":0}],"cardModifiers":[]},{"cardDataID":"Diamonds8","tags":"Diamonds,8,Number,Red","fields":[{"fieldName":"Front","dataType":2,"numValue":0,"stringValue":"","imageSourceName":"diamonds-8.png","hideOption":0},{"fieldName":"Value","dataType":1,"numValue":8,"stringValue":"","imageSourceName":"","hideOption":0}],"cardModifiers":[]},{"cardDataID":"Diamonds9","tags":"Diamonds,9,Number,Red","fields":[{"fieldName":"Front","dataType":2,"numValue":0,"stringValue":"","imageSourceName":"diamonds-9.png","hideOption":0},{"fieldName":"Value","dataType":1,"numValue":9,"stringValue":"","imageSourceName":"","hideOption":0}],"cardModifiers":[]},{"cardDataID":"Diamonds10","tags":"Diamonds,10,Number,Red","fields":[{"fieldName":"Front","dataType":2,"numValue":0,"stringValue":"","imageSourceName":"diamonds-10.png","hideOption":0},{"fieldName":"Value","dataType":1,"numValue":10,"stringValue":"","imageSourceName":"","hideOption":0}],"cardModifiers":[]},{"cardDataID":"Hearts2","tags":"Hearts,2,Number,Red","fields":[{"fieldName":"Front","dataType":2,"numValue":0,"stringValue":"","imageSourceName":"hearts-2.png","hideOption":0},{"fieldName":"Value","dataType":1,"numValue":2,"stringValue":"","imageSourceName":"","hideOption":0}],"cardModifiers":[]},{"cardDataID":"Hearts3","tags":"Hearts,3,Number,Red","fields":[{"fieldName":"Front","dataType":2,"numValue":0,"stringValue":"","imageSourceName":"hearts-3.png","hideOption":0},{"fieldName":"Value","dataType":1,"numValue":3,"stringValue":"","imageSourceName":"","hideOption":0}],"cardModifiers":[]},{"cardDataID":"Hearts4","tags":"Hearts,4,Number,Red","fields":[{"fieldName":"Front","dataType":2,"numValue":0,"stringValue":"","imageSourceName":"hearts-4.png","hideOption":0},{"fieldName":"Value","dataType":1,"numValue":4,"stringValue":"","imageSourceName":"","hideOption":0}],"cardModifiers":[]},{"cardDataID":"Hearts5","tags":"Hearts,5,Number,Red","fields":[{"fieldName":"Front","dataType":2,"numValue":0,"stringValue":"","imageSourceName":"hearts-5.png","hideOption":0},{"fieldName":"Value","dataType":1,"numValue":5,"stringValue":"","imageSourceName":"","hideOption":0}],"cardModifiers":[]},{"cardDataID":"Hearts6","tags":"Hearts,6,Number,Red","fields":[{"fieldName":"Front","dataType":2,"numValue":0,"stringValue":"","imageSourceName":"hearts-6.png","hideOption":0},{"fieldName":"Value","dataType":1,"numValue":6,"stringValue":"","imageSourceName":"","hideOption":0}],"cardModifiers":[]},{"cardDataID":"Hearts7","tags":"Hearts,7,Number,Red","fields":[{"fieldName":"Front","dataType":2,"numValue":0,"stringValue":"","imageSourceName":"hearts-7.png","hideOption":0},{"fieldName":"Value","dataType":1,"numValue":7,"stringValue":"","imageSourceName":"","hideOption":0}],"cardModifiers":[]},{"cardDataID":"Hearts8","tags":"Hearts,8,Number,Red","fields":[{"fieldName":"Front","dataType":2,"numValue":0,"stringValue":"","imageSourceName":"hearts-8.png","hideOption":0},{"fieldName":"Value","dataType":1,"numValue":8,"stringValue":"","imageSourceName":"","hideOption":0}],"cardModifiers":[]},{"cardDataID":"Hearts9","tags":"Hearts,9,Number,Red","fields":[{"fieldName":"Front","dataType":2,"numValue":0,"stringValue":"","imageSourceName":"hearts-9.png","hideOption":0},{"fieldName":"Value","dataType":1,"numValue":9,"stringValue":"","imageSourceName":"","hideOption":0}],"cardModifiers":[]},{"cardDataID":"Hearts10","tags":"Hearts,10,Number,Red","fields":[{"fieldName":"Front","dataType":2,"numValue":0,"stringValue":"","imageSourceName":"hearts-10.png","hideOption":0},{"fieldName":"Value","dataType":1,"numValue":10,"stringValue":"","imageSourceName":"","hideOption":0}],"cardModifiers":[]},{"cardDataID":"Spades2","tags":"Spades,2,Number,Black","fields":[{"fieldName":"Front","dataType":2,"numValue":0,"stringValue":"","imageSourceName":"spades-2.png","hideOption":0},{"fieldName":"Value","dataType":1,"numValue":2,"stringValue":"","imageSourceName":"","hideOption":0}],"cardModifiers":[]},{"cardDataID":"Spades3","tags":"Spades,3,Number,Black","fields":[{"fieldName":"Front","dataType":2,"numValue":0,"stringValue":"","imageSourceName":"spades-3.png","hideOption":0},{"fieldName":"Value","dataType":1,"numValue":3,"stringValue":"","imageSourceName":"","hideOption":0}],"cardModifiers":[]},{"cardDataID":"Spades4","tags":"Spades,4,Number,Black","fields":[{"fieldName":"Front","dataType":2,"numValue":0,"stringValue":"","imageSourceName":"spades-4.png","hideOption":0},{"fieldName":"Value","dataType":1,"numValue":4,"stringValue":"","imageSourceName":"","hideOption":0}],"cardModifiers":[]},{"cardDataID":"Spades5","tags":"Spades,5,Number,Black","fields":[{"fieldName":"Front","dataType":2,"numValue":0,"stringValue":"","imageSourceName":"spades-5.png","hideOption":0},{"fieldName":"Value","dataType":1,"numValue":5,"stringValue":"","imageSourceName":"","hideOption":0}],"cardModifiers":[]},{"cardDataID":"Spades6","tags":"Spades,6,Number,Black","fields":[{"fieldName":"Front","dataType":2,"numValue":0,"stringValue":"","imageSourceName":"spades-6.png","hideOption":0},{"fieldName":"Value","dataType":1,"numValue":6,"stringValue":"","imageSourceName":"","hideOption":0}],"cardModifiers":[]},{"cardDataID":"Spades7","tags":"Spades,7,Number,Black","fields":[{"fieldName":"Front","dataType":2,"numValue":0,"stringValue":"","imageSourceName":"spades-7.png","hideOption":0},{"fieldName":"Value","dataType":1,"numValue":7,"stringValue":"","imageSourceName":"","hideOption":0}],"cardModifiers":[]},{"cardDataID":"Spades8","tags":"Spades,8,Number,Black","fields":[{"fieldName":"Front","dataType":2,"numValue":0,"stringValue":"","imageSourceName":"spades-8.png","hideOption":0},{"fieldName":"Value","dataType":1,"numValue":8,"stringValue":"","imageSourceName":"","hideOption":0}],"cardModifiers":[]},{"cardDataID":"Spades9","tags":"Spades,9,Number,Black","fields":[{"fieldName":"Front","dataType":2,"numValue":0,"stringValue":"","imageSourceName":"spades-9.png","hideOption":0},{"fieldName":"Value","dataType":1,"numValue":9,"stringValue":"","imageSourceName":"","hideOption":0}],"cardModifiers":[]},{"cardDataID":"Spades10","tags":"Spades,10,Number,Black","fields":[{"fieldName":"Front","dataType":2,"numValue":0,"stringValue":"","imageSourceName":"spades-10.png","hideOption":0},{"fieldName":"Value","dataType":1,"numValue":10,"stringValue":"","imageSourceName":"","hideOption":0}],"cardModifiers":[]},{"cardDataID":"SpadesA","tags":"Spades,A,Black,Ace,Letter","fields":[{"fieldName":"Front","dataType":2,"numValue":0,"stringValue":"","imageSourceName":"spades-A.png","hideOption":0},{"fieldName":"Value","dataType":1,"numValue":1,"stringValue":"","imageSourceName":"","hideOption":0}],"cardModifiers":[]},{"cardDataID":"SpadesJ","tags":"Spades,J,Royal,Black,Letter,Face","fields":[{"fieldName":"Front","dataType":2,"numValue":0,"stringValue":"","imageSourceName":"spades-J.png","hideOption":0},{"fieldName":"Value","dataType":1,"numValue":11,"stringValue":"","imageSourceName":"","hideOption":0}],"cardModifiers":[]},{"cardDataID":"SpadesK","tags":"Spades,K,Royal,Black,Letter,Face","fields":[{"fieldName":"Front","dataType":2,"numValue":0,"stringValue":"","imageSourceName":"spades-K.png","hideOption":0},{"fieldName":"Value","dataType":1,"numValue":13,"stringValue":"","imageSourceName":"","hideOption":0}],"cardModifiers":[]},{"cardDataID":"SpadesQ","tags":"Spades,Q,Royal,Black,Letter,Face","fields":[{"fieldName":"Front","dataType":2,"numValue":0,"stringValue":"","imageSourceName":"spades-Q.png","hideOption":0},{"fieldName":"Value","dataType":1,"numValue":12,"stringValue":"","imageSourceName":"","hideOption":0}],"cardModifiers":[]}],"cardTemplate":"Assets/Resources/CardTemplateMine.prefab","cardFieldDefinitions":[{"fieldName":"Front","dataType":2,"numValue":0.0,"stringValue":"","imageValue":{"instanceID":11722},"imageSourceName":"","hideOption":0},{"fieldName":"Value","dataType":1,"numValue":2.0,"stringValue":"","imageValue":{"instanceID":0},"imageSourceName":"","hideOption":0}],"rules":[{"rulesetID":"ScoundrelRuleset","description":"","turnStructure":"StartRoom,PickCards","matchModifiers":[{"modifierID":"PrepGame","tags":"","condition":"","trigger":"OnMatchSetup","affected":"","trueEffect":"Shuffle(zone(@Dungeon));\nSetCardFieldValue(card(~Ace),Value,14);\nSetVariable(PlayerHP,20);\nSetVariable(LastSkipped,0)","falseEffect":""},{"modifierID":"StartTurnSetIfCanSkip","tags":"","condition":"LastSkipped=0","trigger":"OnTurnStarted","affected":"","trueEffect":"SendMessage(CanSkip)","falseEffect":"SendMessage(CannotSkip);SetVariable(LastSkipped,0)"},{"modifierID":"CreateRoom","tags":"","condition":"card(@Room)","trigger":"OnPhaseStarted(StartRoom)","affected":"","trueEffect":"MoveCardToZone(card(@Dungeon,x3),zone(@Room));EndCurrentPhase","falseEffect":"MoveCardToZone(card(@Dungeon,x4),zone(@Room));EndCurrentPhase"},{"modifierID":"SkipRoom","tags":"","condition":"phase(PickCards);card(@Room)=4;LastSkipped=0","trigger":"OnActionUsed(SkipRoom)","affected":"","trueEffect":"MoveCardToZone(card(@Room),zone(@Dungeon),Bottom);\nSetVariable(LastSkipped,1);\nEndCurrentPhase","falseEffect":""},{"modifierID":"PickWeapon","tags":"","condition":"phase(PickCards);card(@Battle)=0","trigger":"OnCardClicked(card(@Room,~Diamonds))","affected":"","trueEffect":"MoveCardToZone(card(@Weapon|Defeated),zone(@Discard));\nMoveCardToZone(card(#cardClicked),zone(@Weapon))","falseEffect":""},{"modifierID":"PickPotion","tags":"","condition":"phase(PickCards);card(@Battle)=0","trigger":"OnCardClicked(card(@Room,~Hearts))","affected":"","trueEffect":"SetVariable(PlayerHP,+$(card(#cardClicked),Value));\nMoveCardToZone(card(#cardClicked),zone(@Discard))","falseEffect":""},{"modifierID":"PickMonster","tags":"","condition":"phase(PickCards);card(@Battle)=0","trigger":"OnCardClicked(card(@Room,~Clubs|Spades))","affected":"","trueEffect":"MoveCardToZone(card(#cardClicked),zone(@Battle))","falseEffect":""},{"modifierID":"EndPickPhase","tags":"","condition":"phase(PickCards);card(@Room)<=1","trigger":"OnCardEnteredZone(card,zone(@Defeated|Discard|Weapon))","affected":"","trueEffect":"EndCurrentPhase","falseEffect":""},{"modifierID":"FaceMonsterBarehanded","tags":"","condition":"card(@Battle)","trigger":"OnActionUsed(FaceMonsterBarehanded)","affected":"","trueEffect":"SetVariable(PlayerHP,-$(card(@Battle),Value));\nMoveCardToZone(card(@Battle),zone(@Discard))","falseEffect":""},{"modifierID":"FaceMonsterWithWeapon1","tags":"","condition":"card(@Battle);card(@Weapon);$(card(@Battle),Value)>$(card(@Weapon),Value)","trigger":"OnActionUsed(FaceMonsterWithWeapon)","affected":"","trueEffect":"SetVariable(PlayerHP,-$($(card(@Battle),Value)-$(card(@Weapon),Value)));\nMoveCardToZone(card(@Battle),zone(@Defeated))","falseEffect":""},{"modifierID":"FaceMonsterWithWeapon2","tags":"","condition":"card(@Battle);card(@Weapon);$(card(@Battle),Value)<=$(card(@Weapon),Value)","trigger":"OnActionUsed(FaceMonsterWithWeapon)","affected":"","trueEffect":"MoveCardToZone(card(@Battle),zone(@Defeated))","falseEffect":""},{"modifierID":"VictoryCondition","tags":"","condition":"card(@Dungeon)=0;card(@Room)=0","trigger":"OnTurnEnded","affected":"","trueEffect":"SendMessage(Victory);\nEndTheMatch","falseEffect":""},{"modifierID":"LoseCondition","tags":"","condition":"PlayerHP<=0","trigger":"OnCardEnteredZone(card(~Clubs|Spades),zone(@Discard|Defeated))","affected":"","trueEffect":"SendMessage(Defeat);\nEndTheMatch","falseEffect":""},{"modifierID":"GoBarehandedAutomatically1","tags":"","condition":"card(@Weapon)=0","trigger":"OnCardEnteredZone(card,zone(@Battle))","affected":"","trueEffect":"UseAction(FaceMonsterBarehanded)","falseEffect":""},{"modifierID":"GoBarehandedAutomatically2","tags":"","condition":"card(@Weapon);card(@Defeated);$(card(@Defeated,x1),Value)<=$(card(@Battle),Value)","trigger":"OnCardEnteredZone(card,zone(@Battle))","affected":"","trueEffect":"UseAction(FaceMonsterBarehanded)","falseEffect":""},{"modifierID":"ChooseWeaponOrBarehanded1","tags":"","condition":"card(@Weapon);card(@Defeated);$(card(@Defeated,x1),Value)>$(card(@Battle),Value)","trigger":"OnCardEnteredZone(card,zone(@Battle))","affected":"","trueEffect":"SendMessage(BattleSelection)","falseEffect":""},{"modifierID":"ChooseWeaponOrBarehanded2","tags":"","condition":"card(@Weapon);card(@Defeated)=0","trigger":"OnCardEnteredZone(card,zone(@Battle))","affected":"","trueEffect":"SendMessage(BattleSelection)","falseEffect":""},{"modifierID":"NoMoreSkipAfterFirstPick","tags":"","condition":"","trigger":"OnCardLeftZone(card,zone(@Room))","affected":"","trueEffect":"SendMessage(CannotSkip)","falseEffect":""}]}]}