{"cardsetID":"HSCloneCardset","description":"","cardTemplate":"Assets/CGEngine/Examples/HS Clone/Resources/HSCloneCard.prefab","cardFieldDefinitions":[{"fieldName":"MinionGraphics","dataType":1,"numValue":0,"stringValue":"","imageSourceName":"","hideOption":3},{"fieldName":"Artwork","dataType":2,"numValue":0,"stringValue":"","imageSourceName":"","hideOption":0},{"fieldName":"SpellGraphics","dataType":1,"numValue":0,"stringValue":"","imageSourceName":"","hideOption":3},{"fieldName":"Name","dataType":0,"numValue":0,"stringValue":"","imageSourceName":"","hideOption":0},{"fieldName":"Cost","dataType":1,"numValue":0,"stringValue":"","imageSourceName":"","hideOption":2},{"fieldName":"Attack","dataType":1,"numValue":0,"stringValue":"","imageSourceName":"","hideOption":2},{"fieldName":"Life","dataType":1,"numValue":0,"stringValue":"","imageSourceName":"","hideOption":2},{"fieldName":"Description","dataType":0,"numValue":0,"stringValue":"","imageSourceName":"","hideOption":0},{"fieldName":"CastAnimation","dataType":0,"numValue":0,"stringValue":"","imageSourceName":"","hideOption":0}],"cardsData":[{"cardDataID":"Card01","tags":"Minion","fields":[{"fieldName":"MinionGraphics","dataType":1,"numValue":1,"stringValue":"","imageSourceName":"","hideOption":3},{"fieldName":"Artwork","dataType":2,"numValue":0,"stringValue":"","imageSourceName":"King-of-Diamonds.png","hideOption":0},{"fieldName":"SpellGraphics","dataType":1,"numValue":0,"stringValue":"","imageSourceName":"","hideOption":3},{"fieldName":"Name","dataType":0,"numValue":0,"stringValue":"King of Diamonds","imageSourceName":"","hideOption":0},{"fieldName":"Cost","dataType":1,"numValue":1,"stringValue":"","imageSourceName":"","hideOption":2},{"fieldName":"Attack","dataType":1,"numValue":1,"stringValue":"","imageSourceName":"","hideOption":2},{"fieldName":"Life","dataType":1,"numValue":1,"stringValue":"","imageSourceName":"","hideOption":2},{"fieldName":"Description","dataType":0,"numValue":0,"stringValue":"<i>Does nothing.</i>","imageSourceName":"","hideOption":0},{"fieldName":"CastAnimation","dataType":0,"numValue":0,"stringValue":"Summon","imageSourceName":"","hideOption":0}],"cardRules":[]},{"cardDataID":"Card02","tags":"Minion","fields":[{"fieldName":"MinionGraphics","dataType":1,"numValue":1,"stringValue":"","imageSourceName":"","hideOption":3},{"fieldName":"Artwork","dataType":2,"numValue":0,"stringValue":"","imageSourceName":"Jack-of-Hearts.png","hideOption":0},{"fieldName":"SpellGraphics","dataType":1,"numValue":0,"stringValue":"","imageSourceName":"","hideOption":3},{"fieldName":"Name","dataType":0,"numValue":0,"stringValue":"Jack of Hearts","imageSourceName":"","hideOption":0},{"fieldName":"Cost","dataType":1,"numValue":2,"stringValue":"","imageSourceName":"","hideOption":2},{"fieldName":"Attack","dataType":1,"numValue":2,"stringValue":"","imageSourceName":"","hideOption":2},{"fieldName":"Life","dataType":1,"numValue":2,"stringValue":"","imageSourceName":"","hideOption":2},{"fieldName":"Description","dataType":0,"numValue":0,"stringValue":"<i>Does nothing.</i>","imageSourceName":"","hideOption":0},{"fieldName":"CastAnimation","dataType":0,"numValue":0,"stringValue":"Summon","imageSourceName":"","hideOption":0}],"cardRules":[]},{"cardDataID":"Card03","tags":"Minion","fields":[{"fieldName":"MinionGraphics","dataType":1,"numValue":1,"stringValue":"","imageSourceName":"","hideOption":3},{"fieldName":"Artwork","dataType":2,"numValue":0,"stringValue":"","imageSourceName":"Jack-of-Clubs.png","hideOption":0},{"fieldName":"SpellGraphics","dataType":1,"numValue":0,"stringValue":"","imageSourceName":"","hideOption":3},{"fieldName":"Name","dataType":0,"numValue":0,"stringValue":"Jack of Clubs","imageSourceName":"","hideOption":0},{"fieldName":"Cost","dataType":1,"numValue":3,"stringValue":"","imageSourceName":"","hideOption":2},{"fieldName":"Attack","dataType":1,"numValue":3,"stringValue":"","imageSourceName":"","hideOption":2},{"fieldName":"Life","dataType":1,"numValue":3,"stringValue":"","imageSourceName":"","hideOption":2},{"fieldName":"Description","dataType":0,"numValue":0,"stringValue":"<i>Does nothing.</i>","imageSourceName":"","hideOption":0},{"fieldName":"CastAnimation","dataType":0,"numValue":0,"stringValue":"Summon","imageSourceName":"","hideOption":0}],"cardRules":[]},{"cardDataID":"Card04","tags":"Minion","fields":[{"fieldName":"MinionGraphics","dataType":1,"numValue":1,"stringValue":"","imageSourceName":"","hideOption":3},{"fieldName":"Artwork","dataType":2,"numValue":0,"stringValue":"","imageSourceName":"Queen-of-Diamonds.png","hideOption":0},{"fieldName":"SpellGraphics","dataType":1,"numValue":0,"stringValue":"","imageSourceName":"","hideOption":3},{"fieldName":"Name","dataType":0,"numValue":0,"stringValue":"Queen of Diamonds","imageSourceName":"","hideOption":0},{"fieldName":"Cost","dataType":1,"numValue":4,"stringValue":"","imageSourceName":"","hideOption":2},{"fieldName":"Attack","dataType":1,"numValue":4,"stringValue":"","imageSourceName":"","hideOption":2},{"fieldName":"Life","dataType":1,"numValue":4,"stringValue":"","imageSourceName":"","hideOption":2},{"fieldName":"Description","dataType":0,"numValue":0,"stringValue":"<i>Does nothing.</i>","imageSourceName":"","hideOption":0},{"fieldName":"CastAnimation","dataType":0,"numValue":0,"stringValue":"Summon","imageSourceName":"","hideOption":0}],"cardRules":[]},{"cardDataID":"Card05","tags":"Spell","fields":[{"fieldName":"MinionGraphics","dataType":1,"numValue":0,"stringValue":"","imageSourceName":"","hideOption":3},{"fieldName":"Artwork","dataType":2,"numValue":0,"stringValue":"","imageSourceName":"Queen-of-Spades.png","hideOption":0},{"fieldName":"SpellGraphics","dataType":1,"numValue":1,"stringValue":"","imageSourceName":"","hideOption":3},{"fieldName":"Name","dataType":0,"numValue":0,"stringValue":"Queen's Favor","imageSourceName":"","hideOption":0},{"fieldName":"Cost","dataType":1,"numValue":5,"stringValue":"","imageSourceName":"","hideOption":2},{"fieldName":"Attack","dataType":1,"numValue":0,"stringValue":"","imageSourceName":"","hideOption":2},{"fieldName":"Life","dataType":1,"numValue":0,"stringValue":"","imageSourceName":"","hideOption":2},{"fieldName":"Description","dataType":0,"numValue":0,"stringValue":"<i>Does nothing.</i>","imageSourceName":"","hideOption":0},{"fieldName":"CastAnimation","dataType":0,"numValue":0,"stringValue":"TargetedFireball","imageSourceName":"","hideOption":0}],"cardRules":[]}]}