{"cardsetID":"Traditional54Deck","description":"Traditional 54 cards deck for playing games.","cardTemplate":"Assets/CGEngine/Resources/DefaultCardPrefab.prefab","cardFieldDefinitions":[{"fieldName":"Value","dataType":1,"numValue":12,"stringValue":"","imageSourceName":"","hideOption":0},{"fieldName":"Suit","dataType":0,"numValue":0,"stringValue":"Spades","imageSourceName":"","hideOption":0},{"fieldName":"Color","dataType":0,"numValue":0,"stringValue":"Black","imageSourceName":"","hideOption":0},{"fieldName":"ValueImage","dataType":2,"numValue":0,"stringValue":"","imageSourceName":"","hideOption":0},{"fieldName":"MainImage","dataType":2,"numValue":0,"stringValue":"","imageSourceName":"","hideOption":0},{"fieldName":"SmallSuitTop","dataType":2,"numValue":0,"stringValue":"","imageSourceName":"","hideOption":0},{"fieldName":"SmallSuitLeft","dataType":2,"numValue":0,"stringValue":"","imageSourceName":"","hideOption":0}],"cardsData":[{"cardDataID":"BlackJoker","tags":"Black,Joker","fields":[{"fieldName":"Value","dataType":1,"numValue":0,"stringValue":"","imageSourceName":"","hideOption":0},{"fieldName":"Suit","dataType":0,"numValue":0,"stringValue":"Joker","imageSourceName":"","hideOption":0},{"fieldName":"Color","dataType":0,"numValue":0,"stringValue":"Black","imageSourceName":"","hideOption":0},{"fieldName":"ValueImage","dataType":2,"numValue":0,"stringValue":"","imageSourceName":"Black-Joker-Text.png","hideOption":0},{"fieldName":"MainImage","dataType":2,"numValue":0,"stringValue":"","imageSourceName":"Black-Joker.png","hideOption":0},{"fieldName":"SmallSuitTop","dataType":2,"numValue":0,"stringValue":"","imageSourceName":"","hideOption":0},{"fieldName":"SmallSuitLeft","dataType":2,"numValue":0,"stringValue":"","imageSourceName":"","hideOption":0}],"cardRules":[]},{"cardDataID":"Clubs2","tags":"Clubs,2,Number,Black","fields":[{"fieldName":"Value","dataType":1,"numValue":2,"stringValue":"","imageSourceName":"","hideOption":0},{"fieldName":"Suit","dataType":0,"numValue":0,"stringValue":"Clubs","imageSourceName":"","hideOption":0},{"fieldName":"Color","dataType":0,"numValue":0,"stringValue":"Black","imageSourceName":"","hideOption":0},{"fieldName":"ValueImage","dataType":2,"numValue":0,"stringValue":"","imageSourceName":"Black-2.png","hideOption":0},{"fieldName":"MainImage","dataType":2,"numValue":0,"stringValue":"","imageSourceName":"Clubs.png","hideOption":0},{"fieldName":"SmallSuitTop","dataType":2,"numValue":0,"stringValue":"","imageSourceName":"Clubs.png","hideOption":0},{"fieldName":"SmallSuitLeft","dataType":2,"numValue":0,"stringValue":"","imageSourceName":"Clubs.png","hideOption":0}],"cardRules":[]},{"cardDataID":"Clubs3","tags":"Clubs,3,Number,Black","fields":[{"fieldName":"Value","dataType":1,"numValue":3,"stringValue":"","imageSourceName":"","hideOption":0},{"fieldName":"Suit","dataType":0,"numValue":0,"stringValue":"Clubs","imageSourceName":"","hideOption":0},{"fieldName":"Color","dataType":0,"numValue":0,"stringValue":"Black","imageSourceName":"","hideOption":0},{"fieldName":"ValueImage","dataType":2,"numValue":0,"stringValue":"","imageSourceName":"Black-3.png","hideOption":0},{"fieldName":"MainImage","dataType":2,"numValue":0,"stringValue":"","imageSourceName":"Clubs.png","hideOption":0},{"fieldName":"SmallSuitTop","dataType":2,"numValue":0,"stringValue":"","imageSourceName":"Clubs.png","hideOption":0},{"fieldName":"SmallSuitLeft","dataType":2,"numValue":0,"stringValue":"","imageSourceName":"Clubs.png","hideOption":0}],"cardRules":[]},{"cardDataID":"Clubs4","tags":"Clubs,4,Number,Black","fields":[{"fieldName":"Value","dataType":1,"numValue":4,"stringValue":"","imageSourceName":"","hideOption":0},{"fieldName":"Suit","dataType":0,"numValue":0,"stringValue":"Clubs","imageSourceName":"","hideOption":0},{"fieldName":"Color","dataType":0,"numValue":0,"stringValue":"Black","imageSourceName":"","hideOption":0},{"fieldName":"ValueImage","dataType":2,"numValue":0,"stringValue":"","imageSourceName":"Black-4.png","hideOption":0},{"fieldName":"MainImage","dataType":2,"numValue":0,"stringValue":"","imageSourceName":"Clubs.png","hideOption":0},{"fieldName":"SmallSuitTop","dataType":2,"numValue":0,"stringValue":"","imageSourceName":"Clubs.png","hideOption":0},{"fieldName":"SmallSuitLeft","dataType":2,"numValue":0,"stringValue":"","imageSourceName":"Clubs.png","hideOption":0}],"cardRules":[]},{"cardDataID":"Clubs5","tags":"Clubs,5,Number,Black","fields":[{"fieldName":"Value","dataType":1,"numValue":5,"stringValue":"","imageSourceName":"","hideOption":0},{"fieldName":"Suit","dataType":0,"numValue":0,"stringValue":"Clubs","imageSourceName":"","hideOption":0},{"fieldName":"Color","dataType":0,"numValue":0,"stringValue":"Black","imageSourceName":"","hideOption":0},{"fieldName":"ValueImage","dataType":2,"numValue":0,"stringValue":"","imageSourceName":"Black-5.png","hideOption":0},{"fieldName":"MainImage","dataType":2,"numValue":0,"stringValue":"","imageSourceName":"Clubs.png","hideOption":0},{"fieldName":"SmallSuitTop","dataType":2,"numValue":0,"stringValue":"","imageSourceName":"Clubs.png","hideOption":0},{"fieldName":"SmallSuitLeft","dataType":2,"numValue":0,"stringValue":"","imageSourceName":"Clubs.png","hideOption":0}],"cardRules":[]},{"cardDataID":"Clubs6","tags":"Clubs,6,Number,Black","fields":[{"fieldName":"Value","dataType":1,"numValue":6,"stringValue":"","imageSourceName":"","hideOption":0},{"fieldName":"Suit","dataType":0,"numValue":0,"stringValue":"Clubs","imageSourceName":"","hideOption":0},{"fieldName":"Color","dataType":0,"numValue":0,"stringValue":"Black","imageSourceName":"","hideOption":0},{"fieldName":"ValueImage","dataType":2,"numValue":0,"stringValue":"","imageSourceName":"Black-6.png","hideOption":0},{"fieldName":"MainImage","dataType":2,"numValue":0,"stringValue":"","imageSourceName":"Clubs.png","hideOption":0},{"fieldName":"SmallSuitTop","dataType":2,"numValue":0,"stringValue":"","imageSourceName":"Clubs.png","hideOption":0},{"fieldName":"SmallSuitLeft","dataType":2,"numValue":0,"stringValue":"","imageSourceName":"Clubs.png","hideOption":0}],"cardRules":[]},{"cardDataID":"Clubs7","tags":"Clubs,7,Number,Black","fields":[{"fieldName":"Value","dataType":1,"numValue":7,"stringValue":"","imageSourceName":"","hideOption":0},{"fieldName":"Suit","dataType":0,"numValue":0,"stringValue":"Clubs","imageSourceName":"","hideOption":0},{"fieldName":"Color","dataType":0,"numValue":0,"stringValue":"Black","imageSourceName":"","hideOption":0},{"fieldName":"ValueImage","dataType":2,"numValue":0,"stringValue":"","imageSourceName":"Black-7.png","hideOption":0},{"fieldName":"MainImage","dataType":2,"numValue":0,"stringValue":"","imageSourceName":"Clubs.png","hideOption":0},{"fieldName":"SmallSuitTop","dataType":2,"numValue":0,"stringValue":"","imageSourceName":"Clubs.png","hideOption":0},{"fieldName":"SmallSuitLeft","dataType":2,"numValue":0,"stringValue":"","imageSourceName":"Clubs.png","hideOption":0}],"cardRules":[]},{"cardDataID":"Clubs8","tags":"Clubs,8,Number,Black","fields":[{"fieldName":"Value","dataType":1,"numValue":8,"stringValue":"","imageSourceName":"","hideOption":0},{"fieldName":"Suit","dataType":0,"numValue":0,"stringValue":"Clubs","imageSourceName":"","hideOption":0},{"fieldName":"Color","dataType":0,"numValue":0,"stringValue":"Black","imageSourceName":"","hideOption":0},{"fieldName":"ValueImage","dataType":2,"numValue":0,"stringValue":"","imageSourceName":"Black-8.png","hideOption":0},{"fieldName":"MainImage","dataType":2,"numValue":0,"stringValue":"","imageSourceName":"Clubs.png","hideOption":0},{"fieldName":"SmallSuitTop","dataType":2,"numValue":0,"stringValue":"","imageSourceName":"Clubs.png","hideOption":0},{"fieldName":"SmallSuitLeft","dataType":2,"numValue":0,"stringValue":"","imageSourceName":"Clubs.png","hideOption":0}],"cardRules":[]},{"cardDataID":"Clubs9","tags":"Clubs,9,Number,Black","fields":[{"fieldName":"Value","dataType":1,"numValue":9,"stringValue":"","imageSourceName":"","hideOption":0},{"fieldName":"Suit","dataType":0,"numValue":0,"stringValue":"Clubs","imageSourceName":"","hideOption":0},{"fieldName":"Color","dataType":0,"numValue":0,"stringValue":"Black","imageSourceName":"","hideOption":0},{"fieldName":"ValueImage","dataType":2,"numValue":0,"stringValue":"","imageSourceName":"Black-9.png","hideOption":0},{"fieldName":"MainImage","dataType":2,"numValue":0,"stringValue":"","imageSourceName":"Clubs.png","hideOption":0},{"fieldName":"SmallSuitTop","dataType":2,"numValue":0,"stringValue":"","imageSourceName":"Clubs.png","hideOption":0},{"fieldName":"SmallSuitLeft","dataType":2,"numValue":0,"stringValue":"","imageSourceName":"Clubs.png","hideOption":0}],"cardRules":[]},{"cardDataID":"Clubs10","tags":"Clubs,10,Number,Black","fields":[{"fieldName":"Value","dataType":1,"numValue":10,"stringValue":"","imageSourceName":"","hideOption":0},{"fieldName":"Suit","dataType":0,"numValue":0,"stringValue":"Clubs","imageSourceName":"","hideOption":0},{"fieldName":"Color","dataType":0,"numValue":0,"stringValue":"Black","imageSourceName":"","hideOption":0},{"fieldName":"ValueImage","dataType":2,"numValue":0,"stringValue":"","imageSourceName":"Black-10.png","hideOption":0},{"fieldName":"MainImage","dataType":2,"numValue":0,"stringValue":"","imageSourceName":"Clubs.png","hideOption":0},{"fieldName":"SmallSuitTop","dataType":2,"numValue":0,"stringValue":"","imageSourceName":"Clubs.png","hideOption":0},{"fieldName":"SmallSuitLeft","dataType":2,"numValue":0,"stringValue":"","imageSourceName":"Clubs.png","hideOption":0}],"cardRules":[]},{"cardDataID":"ClubsA","tags":"Clubs,A,Black,Ace,Letter","fields":[{"fieldName":"Value","dataType":1,"numValue":1,"stringValue":"","imageSourceName":"","hideOption":0},{"fieldName":"Suit","dataType":0,"numValue":0,"stringValue":"Clubs","imageSourceName":"","hideOption":0},{"fieldName":"Color","dataType":0,"numValue":0,"stringValue":"Black","imageSourceName":"","hideOption":0},{"fieldName":"ValueImage","dataType":2,"numValue":0,"stringValue":"","imageSourceName":"Black-A.png","hideOption":0},{"fieldName":"MainImage","dataType":2,"numValue":0,"stringValue":"","imageSourceName":"Clubs.png","hideOption":0},{"fieldName":"SmallSuitTop","dataType":2,"numValue":0,"stringValue":"","imageSourceName":"Clubs.png","hideOption":0},{"fieldName":"SmallSuitLeft","dataType":2,"numValue":0,"stringValue":"","imageSourceName":"Clubs.png","hideOption":0}],"cardRules":[]},{"cardDataID":"ClubsJ","tags":"Clubs,J,Royal,Black,Letter,Face","fields":[{"fieldName":"Value","dataType":1,"numValue":11,"stringValue":"","imageSourceName":"","hideOption":0},{"fieldName":"Suit","dataType":0,"numValue":0,"stringValue":"Clubs","imageSourceName":"","hideOption":0},{"fieldName":"Color","dataType":0,"numValue":0,"stringValue":"Black","imageSourceName":"","hideOption":0},{"fieldName":"ValueImage","dataType":2,"numValue":0,"stringValue":"","imageSourceName":"Black-J.png","hideOption":0},{"fieldName":"MainImage","dataType":2,"numValue":0,"stringValue":"","imageSourceName":"Jack-of-Clubs.png","hideOption":0},{"fieldName":"SmallSuitTop","dataType":2,"numValue":0,"stringValue":"","imageSourceName":"Clubs.png","hideOption":0},{"fieldName":"SmallSuitLeft","dataType":2,"numValue":0,"stringValue":"","imageSourceName":"Clubs.png","hideOption":0}],"cardRules":[]},{"cardDataID":"ClubsK","tags":"Clubs,K,Royal,Black,Letter,Face","fields":[{"fieldName":"Value","dataType":1,"numValue":13,"stringValue":"","imageSourceName":"","hideOption":0},{"fieldName":"Suit","dataType":0,"numValue":0,"stringValue":"Clubs","imageSourceName":"","hideOption":0},{"fieldName":"Color","dataType":0,"numValue":0,"stringValue":"Black","imageSourceName":"","hideOption":0},{"fieldName":"ValueImage","dataType":2,"numValue":0,"stringValue":"","imageSourceName":"Black-K.png","hideOption":0},{"fieldName":"MainImage","dataType":2,"numValue":0,"stringValue":"","imageSourceName":"King-of-Clubs.png","hideOption":0},{"fieldName":"SmallSuitTop","dataType":2,"numValue":0,"stringValue":"","imageSourceName":"Clubs.png","hideOption":0},{"fieldName":"SmallSuitLeft","dataType":2,"numValue":0,"stringValue":"","imageSourceName":"Clubs.png","hideOption":0}],"cardRules":[]},{"cardDataID":"ClubsQ","tags":"Clubs,Q,Royal,Black,Letter,Face","fields":[{"fieldName":"Value","dataType":1,"numValue":12,"stringValue":"","imageSourceName":"","hideOption":0},{"fieldName":"Suit","dataType":0,"numValue":0,"stringValue":"Clubs","imageSourceName":"","hideOption":0},{"fieldName":"Color","dataType":0,"numValue":0,"stringValue":"Black","imageSourceName":"","hideOption":0},{"fieldName":"ValueImage","dataType":2,"numValue":0,"stringValue":"","imageSourceName":"Black-Q.png","hideOption":0},{"fieldName":"MainImage","dataType":2,"numValue":0,"stringValue":"","imageSourceName":"Queen-of-Clubs.png","hideOption":0},{"fieldName":"SmallSuitTop","dataType":2,"numValue":0,"stringValue":"","imageSourceName":"Clubs.png","hideOption":0},{"fieldName":"SmallSuitLeft","dataType":2,"numValue":0,"stringValue":"","imageSourceName":"Clubs.png","hideOption":0}],"cardRules":[]},{"cardDataID":"Diamonds2","tags":"Diamonds,2,Number,Red","fields":[{"fieldName":"Value","dataType":1,"numValue":2,"stringValue":"","imageSourceName":"","hideOption":0},{"fieldName":"Suit","dataType":0,"numValue":0,"stringValue":"Diamonds","imageSourceName":"","hideOption":0},{"fieldName":"Color","dataType":0,"numValue":0,"stringValue":"Red","imageSourceName":"","hideOption":0},{"fieldName":"ValueImage","dataType":2,"numValue":0,"stringValue":"","imageSourceName":"Red-2.png","hideOption":0},{"fieldName":"MainImage","dataType":2,"numValue":0,"stringValue":"","imageSourceName":"Diamonds.png","hideOption":0},{"fieldName":"SmallSuitTop","dataType":2,"numValue":0,"stringValue":"","imageSourceName":"Diamonds.png","hideOption":0},{"fieldName":"SmallSuitLeft","dataType":2,"numValue":0,"stringValue":"","imageSourceName":"Diamonds.png","hideOption":0}],"cardRules":[]},{"cardDataID":"Diamonds3","tags":"Diamonds,3,Number,Red","fields":[{"fieldName":"Value","dataType":1,"numValue":3,"stringValue":"","imageSourceName":"","hideOption":0},{"fieldName":"Suit","dataType":0,"numValue":0,"stringValue":"Diamonds","imageSourceName":"","hideOption":0},{"fieldName":"Color","dataType":0,"numValue":0,"stringValue":"Red","imageSourceName":"","hideOption":0},{"fieldName":"ValueImage","dataType":2,"numValue":0,"stringValue":"","imageSourceName":"Red-3.png","hideOption":0},{"fieldName":"MainImage","dataType":2,"numValue":0,"stringValue":"","imageSourceName":"Diamonds.png","hideOption":0},{"fieldName":"SmallSuitTop","dataType":2,"numValue":0,"stringValue":"","imageSourceName":"Diamonds.png","hideOption":0},{"fieldName":"SmallSuitLeft","dataType":2,"numValue":0,"stringValue":"","imageSourceName":"Diamonds.png","hideOption":0}],"cardRules":[]},{"cardDataID":"Diamonds4","tags":"Diamonds,4,Number,Red","fields":[{"fieldName":"Value","dataType":1,"numValue":4,"stringValue":"","imageSourceName":"","hideOption":0},{"fieldName":"Suit","dataType":0,"numValue":0,"stringValue":"Diamonds","imageSourceName":"","hideOption":0},{"fieldName":"Color","dataType":0,"numValue":0,"stringValue":"Red","imageSourceName":"","hideOption":0},{"fieldName":"ValueImage","dataType":2,"numValue":0,"stringValue":"","imageSourceName":"Red-4.png","hideOption":0},{"fieldName":"MainImage","dataType":2,"numValue":0,"stringValue":"","imageSourceName":"Diamonds.png","hideOption":0},{"fieldName":"SmallSuitTop","dataType":2,"numValue":0,"stringValue":"","imageSourceName":"Diamonds.png","hideOption":0},{"fieldName":"SmallSuitLeft","dataType":2,"numValue":0,"stringValue":"","imageSourceName":"Diamonds.png","hideOption":0}],"cardRules":[]},{"cardDataID":"Diamonds5","tags":"Diamonds,5,Number,Red","fields":[{"fieldName":"Value","dataType":1,"numValue":5,"stringValue":"","imageSourceName":"","hideOption":0},{"fieldName":"Suit","dataType":0,"numValue":0,"stringValue":"Diamonds","imageSourceName":"","hideOption":0},{"fieldName":"Color","dataType":0,"numValue":0,"stringValue":"Red","imageSourceName":"","hideOption":0},{"fieldName":"ValueImage","dataType":2,"numValue":0,"stringValue":"","imageSourceName":"Red-5.png","hideOption":0},{"fieldName":"MainImage","dataType":2,"numValue":0,"stringValue":"","imageSourceName":"Diamonds.png","hideOption":0},{"fieldName":"SmallSuitTop","dataType":2,"numValue":0,"stringValue":"","imageSourceName":"Diamonds.png","hideOption":0},{"fieldName":"SmallSuitLeft","dataType":2,"numValue":0,"stringValue":"","imageSourceName":"Diamonds.png","hideOption":0}],"cardRules":[]},{"cardDataID":"Diamonds6","tags":"Diamonds,6,Number,Red","fields":[{"fieldName":"Value","dataType":1,"numValue":6,"stringValue":"","imageSourceName":"","hideOption":0},{"fieldName":"Suit","dataType":0,"numValue":0,"stringValue":"Diamonds","imageSourceName":"","hideOption":0},{"fieldName":"Color","dataType":0,"numValue":0,"stringValue":"Red","imageSourceName":"","hideOption":0},{"fieldName":"ValueImage","dataType":2,"numValue":0,"stringValue":"","imageSourceName":"Red-6.png","hideOption":0},{"fieldName":"MainImage","dataType":2,"numValue":0,"stringValue":"","imageSourceName":"Diamonds.png","hideOption":0},{"fieldName":"SmallSuitTop","dataType":2,"numValue":0,"stringValue":"","imageSourceName":"Diamonds.png","hideOption":0},{"fieldName":"SmallSuitLeft","dataType":2,"numValue":0,"stringValue":"","imageSourceName":"Diamonds.png","hideOption":0}],"cardRules":[]},{"cardDataID":"Diamonds7","tags":"Diamonds,7,Number,Red","fields":[{"fieldName":"Value","dataType":1,"numValue":7,"stringValue":"","imageSourceName":"","hideOption":0},{"fieldName":"Suit","dataType":0,"numValue":0,"stringValue":"Diamonds","imageSourceName":"","hideOption":0},{"fieldName":"Color","dataType":0,"numValue":0,"stringValue":"Red","imageSourceName":"","hideOption":0},{"fieldName":"ValueImage","dataType":2,"numValue":0,"stringValue":"","imageSourceName":"Red-7.png","hideOption":0},{"fieldName":"MainImage","dataType":2,"numValue":0,"stringValue":"","imageSourceName":"Diamonds.png","hideOption":0},{"fieldName":"SmallSuitTop","dataType":2,"numValue":0,"stringValue":"","imageSourceName":"Diamonds.png","hideOption":0},{"fieldName":"SmallSuitLeft","dataType":2,"numValue":0,"stringValue":"","imageSourceName":"Diamonds.png","hideOption":0}],"cardRules":[]},{"cardDataID":"Diamonds8","tags":"Diamonds,8,Number,Red","fields":[{"fieldName":"Value","dataType":1,"numValue":8,"stringValue":"","imageSourceName":"","hideOption":0},{"fieldName":"Suit","dataType":0,"numValue":0,"stringValue":"Diamonds","imageSourceName":"","hideOption":0},{"fieldName":"Color","dataType":0,"numValue":0,"stringValue":"Red","imageSourceName":"","hideOption":0},{"fieldName":"ValueImage","dataType":2,"numValue":0,"stringValue":"","imageSourceName":"Red-8.png","hideOption":0},{"fieldName":"MainImage","dataType":2,"numValue":0,"stringValue":"","imageSourceName":"Diamonds.png","hideOption":0},{"fieldName":"SmallSuitTop","dataType":2,"numValue":0,"stringValue":"","imageSourceName":"Diamonds.png","hideOption":0},{"fieldName":"SmallSuitLeft","dataType":2,"numValue":0,"stringValue":"","imageSourceName":"Diamonds.png","hideOption":0}],"cardRules":[]},{"cardDataID":"Diamonds9","tags":"Diamonds,9,Number,Red","fields":[{"fieldName":"Value","dataType":1,"numValue":9,"stringValue":"","imageSourceName":"","hideOption":0},{"fieldName":"Suit","dataType":0,"numValue":0,"stringValue":"Diamonds","imageSourceName":"","hideOption":0},{"fieldName":"Color","dataType":0,"numValue":0,"stringValue":"Red","imageSourceName":"","hideOption":0},{"fieldName":"ValueImage","dataType":2,"numValue":0,"stringValue":"","imageSourceName":"Red-9.png","hideOption":0},{"fieldName":"MainImage","dataType":2,"numValue":0,"stringValue":"","imageSourceName":"Diamonds.png","hideOption":0},{"fieldName":"SmallSuitTop","dataType":2,"numValue":0,"stringValue":"","imageSourceName":"Diamonds.png","hideOption":0},{"fieldName":"SmallSuitLeft","dataType":2,"numValue":0,"stringValue":"","imageSourceName":"Diamonds.png","hideOption":0}],"cardRules":[]},{"cardDataID":"Diamonds10","tags":"Diamonds,10,Number,Red","fields":[{"fieldName":"Value","dataType":1,"numValue":10,"stringValue":"","imageSourceName":"","hideOption":0},{"fieldName":"Suit","dataType":0,"numValue":0,"stringValue":"Diamonds","imageSourceName":"","hideOption":0},{"fieldName":"Color","dataType":0,"numValue":0,"stringValue":"Red","imageSourceName":"","hideOption":0},{"fieldName":"ValueImage","dataType":2,"numValue":0,"stringValue":"","imageSourceName":"Red-10.png","hideOption":0},{"fieldName":"MainImage","dataType":2,"numValue":0,"stringValue":"","imageSourceName":"Diamonds.png","hideOption":0},{"fieldName":"SmallSuitTop","dataType":2,"numValue":0,"stringValue":"","imageSourceName":"Diamonds.png","hideOption":0},{"fieldName":"SmallSuitLeft","dataType":2,"numValue":0,"stringValue":"","imageSourceName":"Diamonds.png","hideOption":0}],"cardRules":[]},{"cardDataID":"DiamondsA","tags":"Diamonds,A,Red,Ace,Letter","fields":[{"fieldName":"Value","dataType":1,"numValue":1,"stringValue":"","imageSourceName":"","hideOption":0},{"fieldName":"Suit","dataType":0,"numValue":0,"stringValue":"Diamonds","imageSourceName":"","hideOption":0},{"fieldName":"Color","dataType":0,"numValue":0,"stringValue":"Red","imageSourceName":"","hideOption":0},{"fieldName":"ValueImage","dataType":2,"numValue":0,"stringValue":"","imageSourceName":"Red-A.png","hideOption":0},{"fieldName":"MainImage","dataType":2,"numValue":0,"stringValue":"","imageSourceName":"Diamonds.png","hideOption":0},{"fieldName":"SmallSuitTop","dataType":2,"numValue":0,"stringValue":"","imageSourceName":"Diamonds.png","hideOption":0},{"fieldName":"SmallSuitLeft","dataType":2,"numValue":0,"stringValue":"","imageSourceName":"Diamonds.png","hideOption":0}],"cardRules":[]},{"cardDataID":"DiamondsJ","tags":"Diamonds,J,Royal,Red,Letter,Face","fields":[{"fieldName":"Value","dataType":1,"numValue":11,"stringValue":"","imageSourceName":"","hideOption":0},{"fieldName":"Suit","dataType":0,"numValue":0,"stringValue":"Diamonds","imageSourceName":"","hideOption":0},{"fieldName":"Color","dataType":0,"numValue":0,"stringValue":"Red","imageSourceName":"","hideOption":0},{"fieldName":"ValueImage","dataType":2,"numValue":0,"stringValue":"","imageSourceName":"Red-J.png","hideOption":0},{"fieldName":"MainImage","dataType":2,"numValue":0,"stringValue":"","imageSourceName":"Jack-of-Diamonds.png","hideOption":0},{"fieldName":"SmallSuitTop","dataType":2,"numValue":0,"stringValue":"","imageSourceName":"Diamonds.png","hideOption":0},{"fieldName":"SmallSuitLeft","dataType":2,"numValue":0,"stringValue":"","imageSourceName":"Diamonds.png","hideOption":0}],"cardRules":[]},{"cardDataID":"DiamondsK","tags":"Diamonds,K,Royal,Red,Letter,Face","fields":[{"fieldName":"Value","dataType":1,"numValue":13,"stringValue":"","imageSourceName":"","hideOption":0},{"fieldName":"Suit","dataType":0,"numValue":0,"stringValue":"Diamonds","imageSourceName":"","hideOption":0},{"fieldName":"Color","dataType":0,"numValue":0,"stringValue":"Red","imageSourceName":"","hideOption":0},{"fieldName":"ValueImage","dataType":2,"numValue":0,"stringValue":"","imageSourceName":"Red-K.png","hideOption":0},{"fieldName":"MainImage","dataType":2,"numValue":0,"stringValue":"","imageSourceName":"King-of-Diamonds.png","hideOption":0},{"fieldName":"SmallSuitTop","dataType":2,"numValue":0,"stringValue":"","imageSourceName":"Diamonds.png","hideOption":0},{"fieldName":"SmallSuitLeft","dataType":2,"numValue":0,"stringValue":"","imageSourceName":"Diamonds.png","hideOption":0}],"cardRules":[]},{"cardDataID":"DiamondsQ","tags":"Diamonds,Q,Royal,Red,Letter,Face","fields":[{"fieldName":"Value","dataType":1,"numValue":12,"stringValue":"","imageSourceName":"","hideOption":0},{"fieldName":"Suit","dataType":0,"numValue":0,"stringValue":"Diamonds","imageSourceName":"","hideOption":0},{"fieldName":"Color","dataType":0,"numValue":0,"stringValue":"Red","imageSourceName":"","hideOption":0},{"fieldName":"ValueImage","dataType":2,"numValue":0,"stringValue":"","imageSourceName":"Red-Q.png","hideOption":0},{"fieldName":"MainImage","dataType":2,"numValue":0,"stringValue":"","imageSourceName":"Queen-of-Diamonds.png","hideOption":0},{"fieldName":"SmallSuitTop","dataType":2,"numValue":0,"stringValue":"","imageSourceName":"Diamonds.png","hideOption":0},{"fieldName":"SmallSuitLeft","dataType":2,"numValue":0,"stringValue":"","imageSourceName":"Diamonds.png","hideOption":0}],"cardRules":[]},{"cardDataID":"Hearts2","tags":"Hearts,2,Number,Red","fields":[{"fieldName":"Value","dataType":1,"numValue":2,"stringValue":"","imageSourceName":"","hideOption":0},{"fieldName":"Suit","dataType":0,"numValue":0,"stringValue":"Hearts","imageSourceName":"","hideOption":0},{"fieldName":"Color","dataType":0,"numValue":0,"stringValue":"Red","imageSourceName":"","hideOption":0},{"fieldName":"ValueImage","dataType":2,"numValue":0,"stringValue":"","imageSourceName":"Red-2.png","hideOption":0},{"fieldName":"MainImage","dataType":2,"numValue":0,"stringValue":"","imageSourceName":"Hearts.png","hideOption":0},{"fieldName":"SmallSuitTop","dataType":2,"numValue":0,"stringValue":"","imageSourceName":"Hearts.png","hideOption":0},{"fieldName":"SmallSuitLeft","dataType":2,"numValue":0,"stringValue":"","imageSourceName":"Hearts.png","hideOption":0}],"cardRules":[]},{"cardDataID":"Hearts3","tags":"Hearts,3,Number,Red","fields":[{"fieldName":"Value","dataType":1,"numValue":3,"stringValue":"","imageSourceName":"","hideOption":0},{"fieldName":"Suit","dataType":0,"numValue":0,"stringValue":"Hearts","imageSourceName":"","hideOption":0},{"fieldName":"Color","dataType":0,"numValue":0,"stringValue":"Red","imageSourceName":"","hideOption":0},{"fieldName":"ValueImage","dataType":2,"numValue":0,"stringValue":"","imageSourceName":"Red-3.png","hideOption":0},{"fieldName":"MainImage","dataType":2,"numValue":0,"stringValue":"","imageSourceName":"Hearts.png","hideOption":0},{"fieldName":"SmallSuitTop","dataType":2,"numValue":0,"stringValue":"","imageSourceName":"Hearts.png","hideOption":0},{"fieldName":"SmallSuitLeft","dataType":2,"numValue":0,"stringValue":"","imageSourceName":"Hearts.png","hideOption":0}],"cardRules":[]},{"cardDataID":"Hearts4","tags":"Hearts,4,Number,Red","fields":[{"fieldName":"Value","dataType":1,"numValue":4,"stringValue":"","imageSourceName":"","hideOption":0},{"fieldName":"Suit","dataType":0,"numValue":0,"stringValue":"Hearts","imageSourceName":"","hideOption":0},{"fieldName":"Color","dataType":0,"numValue":0,"stringValue":"Red","imageSourceName":"","hideOption":0},{"fieldName":"ValueImage","dataType":2,"numValue":0,"stringValue":"","imageSourceName":"Red-4.png","hideOption":0},{"fieldName":"MainImage","dataType":2,"numValue":0,"stringValue":"","imageSourceName":"Hearts.png","hideOption":0},{"fieldName":"SmallSuitTop","dataType":2,"numValue":0,"stringValue":"","imageSourceName":"Hearts.png","hideOption":0},{"fieldName":"SmallSuitLeft","dataType":2,"numValue":0,"stringValue":"","imageSourceName":"Hearts.png","hideOption":0}],"cardRules":[]},{"cardDataID":"Hearts5","tags":"Hearts,5,Number,Red","fields":[{"fieldName":"Value","dataType":1,"numValue":5,"stringValue":"","imageSourceName":"","hideOption":0},{"fieldName":"Suit","dataType":0,"numValue":0,"stringValue":"Hearts","imageSourceName":"","hideOption":0},{"fieldName":"Color","dataType":0,"numValue":0,"stringValue":"Red","imageSourceName":"","hideOption":0},{"fieldName":"ValueImage","dataType":2,"numValue":0,"stringValue":"","imageSourceName":"Red-5.png","hideOption":0},{"fieldName":"MainImage","dataType":2,"numValue":0,"stringValue":"","imageSourceName":"Hearts.png","hideOption":0},{"fieldName":"SmallSuitTop","dataType":2,"numValue":0,"stringValue":"","imageSourceName":"Hearts.png","hideOption":0},{"fieldName":"SmallSuitLeft","dataType":2,"numValue":0,"stringValue":"","imageSourceName":"Hearts.png","hideOption":0}],"cardRules":[]},{"cardDataID":"Hearts6","tags":"Hearts,6,Number,Red","fields":[{"fieldName":"Value","dataType":1,"numValue":6,"stringValue":"","imageSourceName":"","hideOption":0},{"fieldName":"Suit","dataType":0,"numValue":0,"stringValue":"Hearts","imageSourceName":"","hideOption":0},{"fieldName":"Color","dataType":0,"numValue":0,"stringValue":"Red","imageSourceName":"","hideOption":0},{"fieldName":"ValueImage","dataType":2,"numValue":0,"stringValue":"","imageSourceName":"Red-6.png","hideOption":0},{"fieldName":"MainImage","dataType":2,"numValue":0,"stringValue":"","imageSourceName":"Hearts.png","hideOption":0},{"fieldName":"SmallSuitTop","dataType":2,"numValue":0,"stringValue":"","imageSourceName":"Hearts.png","hideOption":0},{"fieldName":"SmallSuitLeft","dataType":2,"numValue":0,"stringValue":"","imageSourceName":"Hearts.png","hideOption":0}],"cardRules":[]},{"cardDataID":"Hearts7","tags":"Hearts,7,Number,Red","fields":[{"fieldName":"Value","dataType":1,"numValue":7,"stringValue":"","imageSourceName":"","hideOption":0},{"fieldName":"Suit","dataType":0,"numValue":0,"stringValue":"Hearts","imageSourceName":"","hideOption":0},{"fieldName":"Color","dataType":0,"numValue":0,"stringValue":"Red","imageSourceName":"","hideOption":0},{"fieldName":"ValueImage","dataType":2,"numValue":0,"stringValue":"","imageSourceName":"Red-7.png","hideOption":0},{"fieldName":"MainImage","dataType":2,"numValue":0,"stringValue":"","imageSourceName":"Hearts.png","hideOption":0},{"fieldName":"SmallSuitTop","dataType":2,"numValue":0,"stringValue":"","imageSourceName":"Hearts.png","hideOption":0},{"fieldName":"SmallSuitLeft","dataType":2,"numValue":0,"stringValue":"","imageSourceName":"Hearts.png","hideOption":0}],"cardRules":[]},{"cardDataID":"Hearts8","tags":"Hearts,8,Number,Red","fields":[{"fieldName":"Value","dataType":1,"numValue":8,"stringValue":"","imageSourceName":"","hideOption":0},{"fieldName":"Suit","dataType":0,"numValue":0,"stringValue":"Hearts","imageSourceName":"","hideOption":0},{"fieldName":"Color","dataType":0,"numValue":0,"stringValue":"Red","imageSourceName":"","hideOption":0},{"fieldName":"ValueImage","dataType":2,"numValue":0,"stringValue":"","imageSourceName":"Red-8.png","hideOption":0},{"fieldName":"MainImage","dataType":2,"numValue":0,"stringValue":"","imageSourceName":"Hearts.png","hideOption":0},{"fieldName":"SmallSuitTop","dataType":2,"numValue":0,"stringValue":"","imageSourceName":"Hearts.png","hideOption":0},{"fieldName":"SmallSuitLeft","dataType":2,"numValue":0,"stringValue":"","imageSourceName":"Hearts.png","hideOption":0}],"cardRules":[]},{"cardDataID":"Hearts9","tags":"Hearts,9,Number,Red","fields":[{"fieldName":"Value","dataType":1,"numValue":9,"stringValue":"","imageSourceName":"","hideOption":0},{"fieldName":"Suit","dataType":0,"numValue":0,"stringValue":"Hearts","imageSourceName":"","hideOption":0},{"fieldName":"Color","dataType":0,"numValue":0,"stringValue":"Red","imageSourceName":"","hideOption":0},{"fieldName":"ValueImage","dataType":2,"numValue":0,"stringValue":"","imageSourceName":"Red-9.png","hideOption":0},{"fieldName":"MainImage","dataType":2,"numValue":0,"stringValue":"","imageSourceName":"Hearts.png","hideOption":0},{"fieldName":"SmallSuitTop","dataType":2,"numValue":0,"stringValue":"","imageSourceName":"Hearts.png","hideOption":0},{"fieldName":"SmallSuitLeft","dataType":2,"numValue":0,"stringValue":"","imageSourceName":"Hearts.png","hideOption":0}],"cardRules":[]},{"cardDataID":"Hearts10","tags":"Hearts,10,Number,Red","fields":[{"fieldName":"Value","dataType":1,"numValue":10,"stringValue":"","imageSourceName":"","hideOption":0},{"fieldName":"Suit","dataType":0,"numValue":0,"stringValue":"Hearts","imageSourceName":"","hideOption":0},{"fieldName":"Color","dataType":0,"numValue":0,"stringValue":"Red","imageSourceName":"","hideOption":0},{"fieldName":"ValueImage","dataType":2,"numValue":0,"stringValue":"","imageSourceName":"Red-10.png","hideOption":0},{"fieldName":"MainImage","dataType":2,"numValue":0,"stringValue":"","imageSourceName":"Hearts.png","hideOption":0},{"fieldName":"SmallSuitTop","dataType":2,"numValue":0,"stringValue":"","imageSourceName":"Hearts.png","hideOption":0},{"fieldName":"SmallSuitLeft","dataType":2,"numValue":0,"stringValue":"","imageSourceName":"Hearts.png","hideOption":0}],"cardRules":[]},{"cardDataID":"HeartsA","tags":"Hearts,A,Red,Ace,Letter","fields":[{"fieldName":"Value","dataType":1,"numValue":1,"stringValue":"","imageSourceName":"","hideOption":0},{"fieldName":"Suit","dataType":0,"numValue":0,"stringValue":"Hearts","imageSourceName":"","hideOption":0},{"fieldName":"Color","dataType":0,"numValue":0,"stringValue":"Red","imageSourceName":"","hideOption":0},{"fieldName":"ValueImage","dataType":2,"numValue":0,"stringValue":"","imageSourceName":"Red-A.png","hideOption":0},{"fieldName":"MainImage","dataType":2,"numValue":0,"stringValue":"","imageSourceName":"Hearts.png","hideOption":0},{"fieldName":"SmallSuitTop","dataType":2,"numValue":0,"stringValue":"","imageSourceName":"Hearts.png","hideOption":0},{"fieldName":"SmallSuitLeft","dataType":2,"numValue":0,"stringValue":"","imageSourceName":"Hearts.png","hideOption":0}],"cardRules":[]},{"cardDataID":"HeartsJ","tags":"Hearts,J,Royal,Red,Letter,Face","fields":[{"fieldName":"Value","dataType":1,"numValue":11,"stringValue":"","imageSourceName":"","hideOption":0},{"fieldName":"Suit","dataType":0,"numValue":0,"stringValue":"Hearts","imageSourceName":"","hideOption":0},{"fieldName":"Color","dataType":0,"numValue":0,"stringValue":"Red","imageSourceName":"","hideOption":0},{"fieldName":"ValueImage","dataType":2,"numValue":0,"stringValue":"","imageSourceName":"Red-J.png","hideOption":0},{"fieldName":"MainImage","dataType":2,"numValue":0,"stringValue":"","imageSourceName":"Jack-of-Hearts.png","hideOption":0},{"fieldName":"SmallSuitTop","dataType":2,"numValue":0,"stringValue":"","imageSourceName":"Hearts.png","hideOption":0},{"fieldName":"SmallSuitLeft","dataType":2,"numValue":0,"stringValue":"","imageSourceName":"Hearts.png","hideOption":0}],"cardRules":[]},{"cardDataID":"HeartsK","tags":"Hearts,K,Royal,Red,Letter,Face","fields":[{"fieldName":"Value","dataType":1,"numValue":13,"stringValue":"","imageSourceName":"","hideOption":0},{"fieldName":"Suit","dataType":0,"numValue":0,"stringValue":"Hearts","imageSourceName":"","hideOption":0},{"fieldName":"Color","dataType":0,"numValue":0,"stringValue":"Red","imageSourceName":"","hideOption":0},{"fieldName":"ValueImage","dataType":2,"numValue":0,"stringValue":"","imageSourceName":"Red-K.png","hideOption":0},{"fieldName":"MainImage","dataType":2,"numValue":0,"stringValue":"","imageSourceName":"King-of-Hearts.png","hideOption":0},{"fieldName":"SmallSuitTop","dataType":2,"numValue":0,"stringValue":"","imageSourceName":"Hearts.png","hideOption":0},{"fieldName":"SmallSuitLeft","dataType":2,"numValue":0,"stringValue":"","imageSourceName":"Hearts.png","hideOption":0}],"cardRules":[]},{"cardDataID":"HeartsQ","tags":"Hearts,Q,Royal,Red,Letter,Face","fields":[{"fieldName":"Value","dataType":1,"numValue":12,"stringValue":"","imageSourceName":"","hideOption":0},{"fieldName":"Suit","dataType":0,"numValue":0,"stringValue":"Hearts","imageSourceName":"","hideOption":0},{"fieldName":"Color","dataType":0,"numValue":0,"stringValue":"Red","imageSourceName":"","hideOption":0},{"fieldName":"ValueImage","dataType":2,"numValue":0,"stringValue":"","imageSourceName":"Red-Q.png","hideOption":0},{"fieldName":"MainImage","dataType":2,"numValue":0,"stringValue":"","imageSourceName":"Queen-of-Hearts.png","hideOption":0},{"fieldName":"SmallSuitTop","dataType":2,"numValue":0,"stringValue":"","imageSourceName":"Hearts.png","hideOption":0},{"fieldName":"SmallSuitLeft","dataType":2,"numValue":0,"stringValue":"","imageSourceName":"Hearts.png","hideOption":0}],"cardRules":[]},{"cardDataID":"RedJoker","tags":"Red,Joker","fields":[{"fieldName":"Value","dataType":1,"numValue":0,"stringValue":"","imageSourceName":"","hideOption":0},{"fieldName":"Suit","dataType":0,"numValue":0,"stringValue":"Joker","imageSourceName":"","hideOption":0},{"fieldName":"Color","dataType":0,"numValue":0,"stringValue":"Red","imageSourceName":"","hideOption":0},{"fieldName":"ValueImage","dataType":2,"numValue":0,"stringValue":"","imageSourceName":"Red-Joker-Text.png","hideOption":0},{"fieldName":"MainImage","dataType":2,"numValue":0,"stringValue":"","imageSourceName":"Red-Joker.png","hideOption":0},{"fieldName":"SmallSuitTop","dataType":2,"numValue":0,"stringValue":"","imageSourceName":"","hideOption":0},{"fieldName":"SmallSuitLeft","dataType":2,"numValue":0,"stringValue":"","imageSourceName":"","hideOption":0}],"cardRules":[]},{"cardDataID":"Spades2","tags":"Spades,2,Number,Black","fields":[{"fieldName":"Value","dataType":1,"numValue":2,"stringValue":"","imageSourceName":"","hideOption":0},{"fieldName":"Suit","dataType":0,"numValue":0,"stringValue":"Spades","imageSourceName":"","hideOption":0},{"fieldName":"Color","dataType":0,"numValue":0,"stringValue":"Black","imageSourceName":"","hideOption":0},{"fieldName":"ValueImage","dataType":2,"numValue":0,"stringValue":"","imageSourceName":"Black-2.png","hideOption":0},{"fieldName":"MainImage","dataType":2,"numValue":0,"stringValue":"","imageSourceName":"Spades.png","hideOption":0},{"fieldName":"SmallSuitTop","dataType":2,"numValue":0,"stringValue":"","imageSourceName":"Spades.png","hideOption":0},{"fieldName":"SmallSuitLeft","dataType":2,"numValue":0,"stringValue":"","imageSourceName":"Spades.png","hideOption":0}],"cardRules":[]},{"cardDataID":"Spades3","tags":"Spades,3,Number,Black","fields":[{"fieldName":"Value","dataType":1,"numValue":3,"stringValue":"","imageSourceName":"","hideOption":0},{"fieldName":"Suit","dataType":0,"numValue":0,"stringValue":"Spades","imageSourceName":"","hideOption":0},{"fieldName":"Color","dataType":0,"numValue":0,"stringValue":"Black","imageSourceName":"","hideOption":0},{"fieldName":"ValueImage","dataType":2,"numValue":0,"stringValue":"","imageSourceName":"Black-3.png","hideOption":0},{"fieldName":"MainImage","dataType":2,"numValue":0,"stringValue":"","imageSourceName":"Spades.png","hideOption":0},{"fieldName":"SmallSuitTop","dataType":2,"numValue":0,"stringValue":"","imageSourceName":"Spades.png","hideOption":0},{"fieldName":"SmallSuitLeft","dataType":2,"numValue":0,"stringValue":"","imageSourceName":"Spades.png","hideOption":0}],"cardRules":[]},{"cardDataID":"Spades4","tags":"Spades,4,Number,Black","fields":[{"fieldName":"Value","dataType":1,"numValue":4,"stringValue":"","imageSourceName":"","hideOption":0},{"fieldName":"Suit","dataType":0,"numValue":0,"stringValue":"Spades","imageSourceName":"","hideOption":0},{"fieldName":"Color","dataType":0,"numValue":0,"stringValue":"Black","imageSourceName":"","hideOption":0},{"fieldName":"ValueImage","dataType":2,"numValue":0,"stringValue":"","imageSourceName":"Black-4.png","hideOption":0},{"fieldName":"MainImage","dataType":2,"numValue":0,"stringValue":"","imageSourceName":"Spades.png","hideOption":0},{"fieldName":"SmallSuitTop","dataType":2,"numValue":0,"stringValue":"","imageSourceName":"Spades.png","hideOption":0},{"fieldName":"SmallSuitLeft","dataType":2,"numValue":0,"stringValue":"","imageSourceName":"Spades.png","hideOption":0}],"cardRules":[]},{"cardDataID":"Spades5","tags":"Spades,5,Number,Black","fields":[{"fieldName":"Value","dataType":1,"numValue":5,"stringValue":"","imageSourceName":"","hideOption":0},{"fieldName":"Suit","dataType":0,"numValue":0,"stringValue":"Spades","imageSourceName":"","hideOption":0},{"fieldName":"Color","dataType":0,"numValue":0,"stringValue":"Black","imageSourceName":"","hideOption":0},{"fieldName":"ValueImage","dataType":2,"numValue":0,"stringValue":"","imageSourceName":"Black-5.png","hideOption":0},{"fieldName":"MainImage","dataType":2,"numValue":0,"stringValue":"","imageSourceName":"Spades.png","hideOption":0},{"fieldName":"SmallSuitTop","dataType":2,"numValue":0,"stringValue":"","imageSourceName":"Spades.png","hideOption":0},{"fieldName":"SmallSuitLeft","dataType":2,"numValue":0,"stringValue":"","imageSourceName":"Spades.png","hideOption":0}],"cardRules":[]},{"cardDataID":"Spades6","tags":"Spades,6,Number,Black","fields":[{"fieldName":"Value","dataType":1,"numValue":6,"stringValue":"","imageSourceName":"","hideOption":0},{"fieldName":"Suit","dataType":0,"numValue":0,"stringValue":"Spades","imageSourceName":"","hideOption":0},{"fieldName":"Color","dataType":0,"numValue":0,"stringValue":"Black","imageSourceName":"","hideOption":0},{"fieldName":"ValueImage","dataType":2,"numValue":0,"stringValue":"","imageSourceName":"Black-6.png","hideOption":0},{"fieldName":"MainImage","dataType":2,"numValue":0,"stringValue":"","imageSourceName":"Spades.png","hideOption":0},{"fieldName":"SmallSuitTop","dataType":2,"numValue":0,"stringValue":"","imageSourceName":"Spades.png","hideOption":0},{"fieldName":"SmallSuitLeft","dataType":2,"numValue":0,"stringValue":"","imageSourceName":"Spades.png","hideOption":0}],"cardRules":[]},{"cardDataID":"Spades7","tags":"Spades,7,Number,Black","fields":[{"fieldName":"Value","dataType":1,"numValue":7,"stringValue":"","imageSourceName":"","hideOption":0},{"fieldName":"Suit","dataType":0,"numValue":0,"stringValue":"Spades","imageSourceName":"","hideOption":0},{"fieldName":"Color","dataType":0,"numValue":0,"stringValue":"Black","imageSourceName":"","hideOption":0},{"fieldName":"ValueImage","dataType":2,"numValue":0,"stringValue":"","imageSourceName":"Black-7.png","hideOption":0},{"fieldName":"MainImage","dataType":2,"numValue":0,"stringValue":"","imageSourceName":"Spades.png","hideOption":0},{"fieldName":"SmallSuitTop","dataType":2,"numValue":0,"stringValue":"","imageSourceName":"Spades.png","hideOption":0},{"fieldName":"SmallSuitLeft","dataType":2,"numValue":0,"stringValue":"","imageSourceName":"Spades.png","hideOption":0}],"cardRules":[]},{"cardDataID":"Spades8","tags":"Spades,8,Number,Black","fields":[{"fieldName":"Value","dataType":1,"numValue":8,"stringValue":"","imageSourceName":"","hideOption":0},{"fieldName":"Suit","dataType":0,"numValue":0,"stringValue":"Spades","imageSourceName":"","hideOption":0},{"fieldName":"Color","dataType":0,"numValue":0,"stringValue":"Black","imageSourceName":"","hideOption":0},{"fieldName":"ValueImage","dataType":2,"numValue":0,"stringValue":"","imageSourceName":"Black-8.png","hideOption":0},{"fieldName":"MainImage","dataType":2,"numValue":0,"stringValue":"","imageSourceName":"Spades.png","hideOption":0},{"fieldName":"SmallSuitTop","dataType":2,"numValue":0,"stringValue":"","imageSourceName":"Spades.png","hideOption":0},{"fieldName":"SmallSuitLeft","dataType":2,"numValue":0,"stringValue":"","imageSourceName":"Spades.png","hideOption":0}],"cardRules":[]},{"cardDataID":"Spades9","tags":"Spades,9,Number,Black","fields":[{"fieldName":"Value","dataType":1,"numValue":9,"stringValue":"","imageSourceName":"","hideOption":0},{"fieldName":"Suit","dataType":0,"numValue":0,"stringValue":"Spades","imageSourceName":"","hideOption":0},{"fieldName":"Color","dataType":0,"numValue":0,"stringValue":"Black","imageSourceName":"","hideOption":0},{"fieldName":"ValueImage","dataType":2,"numValue":0,"stringValue":"","imageSourceName":"Black-9.png","hideOption":0},{"fieldName":"MainImage","dataType":2,"numValue":0,"stringValue":"","imageSourceName":"Spades.png","hideOption":0},{"fieldName":"SmallSuitTop","dataType":2,"numValue":0,"stringValue":"","imageSourceName":"Spades.png","hideOption":0},{"fieldName":"SmallSuitLeft","dataType":2,"numValue":0,"stringValue":"","imageSourceName":"Spades.png","hideOption":0}],"cardRules":[]},{"cardDataID":"Spades10","tags":"Spades,10,Number,Black","fields":[{"fieldName":"Value","dataType":1,"numValue":10,"stringValue":"","imageSourceName":"","hideOption":0},{"fieldName":"Suit","dataType":0,"numValue":0,"stringValue":"Spades","imageSourceName":"","hideOption":0},{"fieldName":"Color","dataType":0,"numValue":0,"stringValue":"Black","imageSourceName":"","hideOption":0},{"fieldName":"ValueImage","dataType":2,"numValue":0,"stringValue":"","imageSourceName":"Black-10.png","hideOption":0},{"fieldName":"MainImage","dataType":2,"numValue":0,"stringValue":"","imageSourceName":"Spades.png","hideOption":0},{"fieldName":"SmallSuitTop","dataType":2,"numValue":0,"stringValue":"","imageSourceName":"Spades.png","hideOption":0},{"fieldName":"SmallSuitLeft","dataType":2,"numValue":0,"stringValue":"","imageSourceName":"Spades.png","hideOption":0}],"cardRules":[]},{"cardDataID":"SpadesA","tags":"Spades,A,Black,Ace,Letter","fields":[{"fieldName":"Value","dataType":1,"numValue":1,"stringValue":"","imageSourceName":"","hideOption":0},{"fieldName":"Suit","dataType":0,"numValue":0,"stringValue":"Spades","imageSourceName":"","hideOption":0},{"fieldName":"Color","dataType":0,"numValue":0,"stringValue":"Black","imageSourceName":"","hideOption":0},{"fieldName":"ValueImage","dataType":2,"numValue":0,"stringValue":"","imageSourceName":"Black-A.png","hideOption":0},{"fieldName":"MainImage","dataType":2,"numValue":0,"stringValue":"","imageSourceName":"Spades.png","hideOption":0},{"fieldName":"SmallSuitTop","dataType":2,"numValue":0,"stringValue":"","imageSourceName":"Spades.png","hideOption":0},{"fieldName":"SmallSuitLeft","dataType":2,"numValue":0,"stringValue":"","imageSourceName":"Spades.png","hideOption":0}],"cardRules":[]},{"cardDataID":"SpadesJ","tags":"Spades,J,Royal,Black,Letter,Face","fields":[{"fieldName":"Value","dataType":1,"numValue":11,"stringValue":"","imageSourceName":"","hideOption":0},{"fieldName":"Suit","dataType":0,"numValue":0,"stringValue":"Spades","imageSourceName":"","hideOption":0},{"fieldName":"Color","dataType":0,"numValue":0,"stringValue":"Black","imageSourceName":"","hideOption":0},{"fieldName":"ValueImage","dataType":2,"numValue":0,"stringValue":"","imageSourceName":"Black-J.png","hideOption":0},{"fieldName":"MainImage","dataType":2,"numValue":0,"stringValue":"","imageSourceName":"Jack-of-Spades.png","hideOption":0},{"fieldName":"SmallSuitTop","dataType":2,"numValue":0,"stringValue":"","imageSourceName":"Spades.png","hideOption":0},{"fieldName":"SmallSuitLeft","dataType":2,"numValue":0,"stringValue":"","imageSourceName":"Spades.png","hideOption":0}],"cardRules":[]},{"cardDataID":"SpadesK","tags":"Spades,K,Royal,Black,Letter,Face","fields":[{"fieldName":"Value","dataType":1,"numValue":13,"stringValue":"","imageSourceName":"","hideOption":0},{"fieldName":"Suit","dataType":0,"numValue":0,"stringValue":"Spades","imageSourceName":"","hideOption":0},{"fieldName":"Color","dataType":0,"numValue":0,"stringValue":"Black","imageSourceName":"","hideOption":0},{"fieldName":"ValueImage","dataType":2,"numValue":0,"stringValue":"","imageSourceName":"Black-K.png","hideOption":0},{"fieldName":"MainImage","dataType":2,"numValue":0,"stringValue":"","imageSourceName":"King-of-Spades.png","hideOption":0},{"fieldName":"SmallSuitTop","dataType":2,"numValue":0,"stringValue":"","imageSourceName":"Spades.png","hideOption":0},{"fieldName":"SmallSuitLeft","dataType":2,"numValue":0,"stringValue":"","imageSourceName":"Spades.png","hideOption":0}],"cardRules":[]},{"cardDataID":"SpadesQ","tags":"Spades,Q,Royal,Black,Letter,Face","fields":[{"fieldName":"Value","dataType":1,"numValue":12,"stringValue":"","imageSourceName":"","hideOption":0},{"fieldName":"Suit","dataType":0,"numValue":0,"stringValue":"Spades","imageSourceName":"","hideOption":0},{"fieldName":"Color","dataType":0,"numValue":0,"stringValue":"Black","imageSourceName":"","hideOption":0},{"fieldName":"ValueImage","dataType":2,"numValue":0,"stringValue":"","imageSourceName":"Black-Q.png","hideOption":0},{"fieldName":"MainImage","dataType":2,"numValue":0,"stringValue":"","imageSourceName":"Queen-of-Spades.png","hideOption":0},{"fieldName":"SmallSuitTop","dataType":2,"numValue":0,"stringValue":"","imageSourceName":"Spades.png","hideOption":0},{"fieldName":"SmallSuitLeft","dataType":2,"numValue":0,"stringValue":"","imageSourceName":"Spades.png","hideOption":0}],"cardRules":[]}]}